ID,clause,requirement_text,type,applicability,earm_id,level,crit_A,crit_B,crit_C,crit_D,basis,page
5.2.1a,5.2.1,"The responsibility for the task of system-level definition of the coordinate systems and their inter-relationships, applicable to the whole product tree and to be used throughout the lifetime a project, shall be identified.",process,Applicable (tool scope),,shall,,,,,process/documentation requirement read for the tool's own frames,16
5.2.2a,5.2.2,The Coordinate Systems Document (CSD) shall be produced in conformance with Annex A.,documentation,Applicable (tool scope),,shall,,,,,process/documentation requirement read for the tool's own frames,16
5.2.2b,5.2.2,"The CSD shall identify the specified coordinate systems and time scales used throughout the project, by two or more subsystems or organisations, together with their inter-relationships (in a parametric form).",process,Applicable (tool scope),,shall,,,,,process/documentation requirement read for the tool's own frames,16
5.2.2c,5.2.2,"For a spacecraft project, a preliminary version of the CSD shall be produced before the end of phase A.",documentation,Applicable (tool scope),,shall,,,,,process/documentation requirement read for the tool's own frames,17
5.2.2d,5.2.2,The CSD (and related database) shall be put under configuration control at the beginning of phase B.,process,Applicable (tool scope),,shall,,,,,process/documentation requirement read for the tool's own frames,17
5.2.2e,5.2.2,"At each phase of the project, the coordinate systems and their inter- relationships shall be re-examined.",process,Applicable (tool scope),,shall,,,,,process/documentation requirement read for the tool's own frames,17
5.2.2f,5.2.2,The CSD shall include the new coordinate systems and transformations following the progress of the project development.,documentation,Applicable (tool scope),,shall,,,,,process/documentation requirement read for the tool's own frames,17
5.2.3a,5.2.3,"The elements, which need coordinate systems, shall be identified.",process,Applicable (tool scope),,shall,,,,,process/documentation requirement read for the tool's own frames,17
5.2.3b,5.2.3,Each identified element of the system shall have its coordinate systems defined.,process,Applicable (tool scope),,shall,,,,,process/documentation requirement read for the tool's own frames,17
5.2.3c,5.2.3,A transformation chain structure shall be built to link coordinate systems used by two or more subsystems,process,Applicable (tool scope),,shall,,,,,process/documentation requirement read for the tool's own frames,17
5.2.3d,5.2.3,"The nominal value, in numeric or parametric form, of the transformation between two coordinate systems shall be specified.",process,Applicable (tool scope),,shall,,,,,process/documentation requirement read for the tool's own frames,17
5.3.1a,5.3.1,Applicable parts of the international standards and conventions listed in Annex C shall be selected and specified in the CSD.,process,Applicable,,shall,,,,,the tool defines and transforms frames and time scales,17
5.3.1b,5.3.1,Applicable non compliant external conventions shall be converted into the project's convention.,process,Applicable,,shall,,,,,the tool defines and transforms frames and time scales,17
5.3.1c,5.3.1,The conversion of 5.3.1b shall be specified.,process,Applicable,,shall,,,,,the tool defines and transforms frames and time scales,17
5.3.2a,5.3.2,A coordinate system shall be identified by a unique descriptive name.,process,Applicable,,shall,,,,,the tool defines and transforms frames and time scales,18
5.3.2c,5.3.2,A unique mnemonic shall be derived from the descriptive name of the coordinate system.,process,Applicable,,shall,,,,,the tool defines and transforms frames and time scales,18
5.3.2d,5.3.2,"The transformation from one coordinate system to another shall be identified by a unique name, which also indicates the direction of the transformation.",process,Applicable,,shall,,,,,the tool defines and transforms frames and time scales,18
5.3.2e,5.3.2,The convention for naming coordinate systems and transformations shall be specified.,process,Applicable,,shall,,,,,the tool defines and transforms frames and time scales,18
5.3.2f,5.3.2,The notation convention shall be specified.,process,Applicable,,shall,,,,,the tool defines and transforms frames and time scales,18
5.3.2g,5.3.2,Sign conventions shall be identified and defined.,process,Applicable,,shall,,,,,the tool defines and transforms frames and time scales,18
5.3.3a,5.3.3,"A figure shall show the relationship of a coordinate system with equipment, spacecraft or mission.",process,Applicable,,shall,,,,,the tool defines and transforms frames and time scales,18
5.3.3b,5.3.3,The origin and axes of a coordinate frame shall be identified in figures using the reference mnemonic as indicated in 5.3.2c.,process,Applicable,,shall,,,,,the tool defines and transforms frames and time scales,18
5.3.3e,5.3.3,"Symbols used within illustrations, figures and supporting diagrams shall be defined.",process,Applicable,,shall,,,,,the tool defines and transforms frames and time scales,18
5.3.3f,5.3.3,"In an engineering drawing, the applicable projection system shall be indicated.",process,Applicable,,shall,,,,,the tool defines and transforms frames and time scales,18
5.3.3g,5.3.3,"In a 3D figure, the axes above, within and below a plane shall be differentiated.",process,Applicable,,shall,,,,,the tool defines and transforms frames and time scales,18
5.4.1a,5.4.1,The origin of the frame shall be specified.,functional,Applicable,,shall,,,,,the tool defines and transforms frames and time scales,19
5.4.1b,5.4.1,The derivation of the origin of a frame from reference points shall be defined.,functional,Applicable,,shall,,,,,the tool defines and transforms frames and time scales,19
5.4.1c,5.4.1,The derivation of the axes of a frame from reference directions shall be defined.,functional,Applicable,,shall,,,,,the tool defines and transforms frames and time scales,19
5.4.1d,5.4.1,The axes of a frame shall be orthogonal.,functional,Applicable,,shall,,,,,the tool defines and transforms frames and time scales,19
5.4.1e,5.4.1,The orientation of the axes of a frame shall be defined according to the right hand rule.,functional,Applicable,,shall,,,,,the tool defines and transforms frames and time scales,19
5.4.1f,5.4.1,Any imported left handed frame shall be specified.,functional,Applicable,,shall,,,,,the tool defines and transforms frames and time scales,19
5.4.1g,5.4.1,"Any left handed frame shall be associated with a system reference right handed frame with the related transformation, for project development use.",functional,Applicable,,shall,,,,,the tool defines and transforms frames and time scales,19
5.4.1h,5.4.1,The epoch of an inertial frame shall be defined.,functional,Applicable,,shall,,,,,the tool defines and transforms frames and time scales,19
5.4.2a,5.4.2,"If a coordinate system is time dependent, then its time scale shall be defined.",functional,Applicable,,shall,,,,,the tool defines and transforms frames and time scales,19
5.4.2b,5.4.2,The position of a point shall be definable by a set of coordinates with respect to a selected frame.,functional,Applicable,,shall,,,,,the tool defines and transforms frames and time scales,19
5.4.3a,5.4.3,Dimensionless quantities shall be explicitly denoted as such.,functional,Applicable,,shall,,,,,the tool defines and transforms frames and time scales,19
5.4.3b,5.4.3,"The units or physical dimensions of all non-dimensionless parameters, including angles, shall be defined.",functional,Applicable,,shall,,,,,the tool defines and transforms frames and time scales,19
5.4.4a,5.4.4,The unit of time shall be defined.,functional,Applicable,,shall,,,,,the tool defines and transforms frames and time scales,19
5.4.4b,5.4.4,The relationship between all time scales used shall be defined.,functional,Applicable,,shall,,,,,the tool defines and transforms frames and time scales,19
5.4.5a,5.4.5,The frame for a mechanical system shall be related to its material structure definition.,functional,Applicable (partial),,shall,,,,,mechanical frames: only the body frame B and facets are defined,20
5.4.5b,5.4.5,"For alignment, integration and test purposes, the origin and axes of the coordinate systems shall be defined using physical and accessible points, including marks and targets.",functional,Applicable (partial),,shall,,,,,mechanical frames: only the body frame B and facets are defined,20
5.4.5c,5.4.5,The process of constructing the origin and axes of a mechanical reference frame using the physical points shall be specified.,functional,Applicable (partial),,shall,,,,,mechanical frames: only the body frame B and facets are defined,20
5.4.5d,5.4.5,"The mathematical relationship between the coordinate system and physical points, as used in 5.4.5c above, shall be defined.",functional,Applicable (partial),,shall,,,,,mechanical frames: only the body frame B and facets are defined,20
5.4.5e,5.4.5,The spacecraft interface frame w.r.t. its launcher adapter shall be specified.,functional,Applicable (partial),,shall,,,,,mechanical frames: only the body frame B and facets are defined,20
5.4.6a,5.4.6,"The specification of geodetic/planetocentric coordinates shall include the parameters of the ellipsoid used, direction and origin of longitude, and definition of the North Pole.",functional,Applicable,,shall,,,,,the tool defines and transforms frames and time scales,20
5.4.7a,5.4.7,Any parameterisaton of a position or direction vector shall be specified mathematically.,functional,Applicable,,shall,,,,,the tool defines and transforms frames and time scales,20
5.4.7b,5.4.7,Permitted parameterisations of a coordinate system shall be specified in the CSD.,functional,Applicable,,shall,,,,,the tool defines and transforms frames and time scales,20
5.4.8a,5.4.8,"A transformation between coordinate systems shall be decomposed into a translational transformation and a rotational transformation, in a given order.",functional,Applicable,,shall,,,,,the tool defines and transforms frames and time scales,20
5.4.8b,5.4.8,The order of decomposition of a transformation between coordinate systems shall be the same throughout a project.,functional,Applicable,,shall,,,,,the tool defines and transforms frames and time scales,20
5.4.8c,5.4.8,"If rotation is composed of three elementary rotations, the order of rotations shall be specified.",functional,Applicable,,shall,,,,,the tool defines and transforms frames and time scales,20
5.4.8e,5.4.8,Any left handed rotation convention shall be highlighted in the CSD.,functional,Applicable,,shall,,,,,the tool defines and transforms frames and time scales,21
5.4.8f,5.4.8,An elementary rotation shall be defined by a rotation axis and an angle.,functional,Applicable,,shall,,,,,the tool defines and transforms frames and time scales,21
5.4.8g,5.4.8,"If the rotation is represented by a quaternion, the order and mathematical definition of the quaternion parameters shall be specified in the CSD.",functional,Applicable,,shall,,,,,the tool defines and transforms frames and time scales,21
5.4.8h,5.4.8,The rotation error quaternion shall be expressed with a positive scalar part.,functional,Applicable,,shall,,,,,the tool defines and transforms frames and time scales,21
5.4.8i,5.4.8,Any parameterisation of a rotation shall be specified as a matrix in terms of the parameters.,functional,Applicable,,shall,,,,,the tool defines and transforms frames and time scales,21
5.4.8j,5.4.8,"If the rotation is represented by a 3x3 matrix, each matrix element shall be defined.",functional,Applicable,,shall,,,,,the tool defines and transforms frames and time scales,21
5.4.9a,5.4.9,"A transformation between coordinate systems shall be defined in the parent coordinate system in three ways: verbally, mathematically and graphically.",functional,Applicable,,shall,,,,,the tool defines and transforms frames and time scales,21
5.4.9b,5.4.9,"Any simplification of a transformation shall be specified, as well as its assumptions and validity.",functional,Applicable,,shall,,,,,the tool defines and transforms frames and time scales,21
5.4.9c,5.4.9,"The mathematical expression of the transformation between coordinate systems shall define the vector used for the translation, the method used for the rotation, and the order of the transformation.",functional,Applicable,,shall,,,,,the tool defines and transforms frames and time scales,21
5.4.9d,5.4.9,The rows and columns of a transformation matrix shall be identified.,functional,Applicable,,shall,,,,,the tool defines and transforms frames and time scales,21
5.4.9e,5.4.9,The transformation between coordinate systems shall be defined by a mathematical expression relating the coordinates of a point in one frame with its coordinates in the other frame.,functional,Applicable,,shall,,,,,the tool defines and transforms frames and time scales,21
5.4.9f,5.4.9,The numerical values of the elements of a rotation matrix shall be consistent with the precision required by the users of the data.,functional,Applicable,,shall,,,,,the tool defines and transforms frames and time scales,21
5.4.9g,5.4.9,Any alternative representation of a rotation between coordinate systems shall be specified in its matrix representation.,functional,Applicable,,shall,,,,,the tool defines and transforms frames and time scales,21
5.4.9h,5.4.9,The time dependency of a transformation between coordinate systems shall be defined.,functional,Applicable,,shall,,,,,the tool defines and transforms frames and time scales,22
5.4.9i,5.4.9,For time dependent transformations the method of interpolation shall be specified.,functional,Applicable,,shall,,,,,the tool defines and transforms frames and time scales,22
A.2.1<1>a,A.2.1,"The CSD shall describe the purpose, objective and the reason prompting its preparation (e.g. programme, project and phase).",documentation,Applicable,,shall,,,,,the tool defines and transforms frames and time scales,23
A.2.1<2>a,A.2.1,The CSD shall list the applicable and reference documents supporting the generation of the document.,documentation,Applicable,,shall,,,,,the tool defines and transforms frames and time scales,23
A.2.1<3>a,A.2.1,The CSD shall specify the international conventions used within the project for coordinate systems and transformations.,documentation,Applicable,,shall,,,,,the tool defines and transforms frames and time scales,23
A.2.1<3>b,A.2.1,"The CSD shall define the naming, notation and acronym rules for coordinate systems, as well as for transformations.",documentation,Applicable,,shall,,,,,the tool defines and transforms frames and time scales,23
A.2.1<3>c,A.2.1,The CSD shall define notation conventions for the transfer of coordinates and transformation data.,documentation,Applicable,,shall,,,,,the tool defines and transforms frames and time scales,24
A.2.1<4>a,A.2.1,The CSD shall specify the units pertaining to the coordinate systems and parameterisations used within the project.,documentation,Applicable,,shall,,,,,the tool defines and transforms frames and time scales,24
A.2.1<5>a,A.2.1,The CSD shall specify the time standards used within the project and shall specify the relationship between them.,documentation,Applicable,,shall,,,,,the tool defines and transforms frames and time scales,24
A.2.1<6>a,A.2.1,The CSD shall present the overview of the various coordinate systems.,documentation,Applicable,,shall,,,,,the tool defines and transforms frames and time scales,24
A.2.1<6>b,A.2.1,"The overview shall contain a brief description of at least the following coordinate systems, if applicable: 1. Inertial Coordinate Systems 2. Orbital Coordinate Systems 3. Launcher Coordinate Systems 4. Satellite-fixed Coordinate System (generic platform and payload) 5. Body-fixed Rotation (planet) Coordinate Systems 6. Topocentric Coordinate Systems 7. Test facility Coordinate Systems 8. Simulator Coordinate Systems 9. Processing / Product Coordinate Systems",documentation,Applicable,,shall,,,,,the tool defines and transforms frames and time scales,24
A.2.1<6>c,A.2.1,"The description shall refer to the theory and conventions applied in between the various coordinate systems (e.g. precession, nutation, polar motion).",documentation,Applicable,,shall,,,,,the tool defines and transforms frames and time scales,24
A.2.1<7>a,A.2.1,"The CSD shall describe all parameterisations used within a coordinate system (e.g. azimuth, elevation), including the applicable type of coordinate systems where this parameterisation is allowed.",documentation,Applicable,,shall,,,,,the tool defines and transforms frames and time scales,24
A.2.1<7>b,A.2.1,"The CSD shall describe all parameterisations used within a transformation (e.g. quaternions, Euler angles), including the applicable type of coordinate systems where this parameterisation is allowed.",documentation,Applicable,,shall,,,,,the tool defines and transforms frames and time scales,24
A.2.1<8>a,A.2.1,The CSD shall describe in a graphical representation the top-level chain of transformations for the project.,documentation,Applicable,,shall,,,,,the tool defines and transforms frames and time scales,24
A.2.1<8>b,A.2.1,"The diagram of <8a> shall include any additional constraints between coordinate systems, as well as measurements.",documentation,Applicable,,shall,,,,,the tool defines and transforms frames and time scales,24
A.2.1<8>c,A.2.1,The CSD shall describe in a graphical representation the lower level chains of transformations.,documentation,Applicable,,shall,,,,,the tool defines and transforms frames and time scales,25
A.2.1<8>d,A.2.1,"Each individual coordinate system, identified in <9> below, shall be graphically represented.",documentation,Applicable,,shall,,,,,the tool defines and transforms frames and time scales,25
A.2.1<8>e,A.2.1,"These diagrams shall contain any additional constraints between coordinate systems, as well as measurements.",documentation,Applicable,,shall,,,,,the tool defines and transforms frames and time scales,25
A.2.1<9>a,A.2.1,The CSD shall give the detailed description of all Coordinate Systems used in the project.,documentation,Applicable,,shall,,,,,the tool defines and transforms frames and time scales,25
A.2.1<9>b,A.2.1,The transformation between coordinate systems shall be defined in the one that is the parent coordinate system.,documentation,Applicable,,shall,,,,,the tool defines and transforms frames and time scales,25
A.2.1<9>c,A.2.1,Parameterisations within a coordinate system shall be identified and specified.,documentation,Applicable,,shall,,,,,the tool defines and transforms frames and time scales,25
A.2.1<9>d,A.2.1,The parameterisation of a transformation shall be identified and specified.,documentation,Applicable,,shall,,,,,the tool defines and transforms frames and time scales,25
A.2.1<9>e,A.2.1,Any source document for a coordinate system shall be identified in the CSD.,documentation,Applicable,,shall,,,,,the tool defines and transforms frames and time scales,25
